<?xml version="1.0"?>
<SummaryReport><Benchmark>store</Benchmark><StartTimeUTC>1367001646</StartTimeUTC><MeasureReport><Measure><Name>Virtual Users</Name><Type>sum</Type><Value>1</Value><Min></Min><Max></Max><StDev></StDev><Unit>[1]</Unit></Measure><Measure><Name>Virtual Users Executed</Name><Type>sum</Type><Value>1</Value><Min></Min><Max></Max><StDev></StDev><Unit>[1]</Unit></Measure><Measure><Name>Cloud Virtual Users Executed</Name><Type>sum</Type><Value>0</Value><Min></Min><Max></Max><StDev></StDev><Unit>[1]</Unit></Measure><Measure><Name>Agents Executed</Name><Type>sum</Type><Value>1</Value><Min></Min><Max></Max><StDev></StDev><Unit>[1]</Unit></Measure><Measure><Name>Cloud Agents Executed</Name><Type>sum</Type><Value>0</Value><Min></Min><Max></Max><StDev></StDev><Unit>[1]</Unit></Measure><Measure><Name>Middlewares Executed</Name><Type>bitmask</Type><Value>00061000</Value></Measure><Measure><Name>Cloud Middlewares Executed</Name><Type>bitmask</Type><Value>00000000</Value></Measure><Measure><Name>Successful Transactions</Name><Type>sum</Type><Value>2</Value><Min></Min><Max></Max><StDev></StDev><Unit>[1]</Unit></Measure><Measure><Name>Failed Transactions</Name><Type>sum</Type><Value>0</Value><Min></Min><Max></Max><StDev></StDev><Unit>[1]</Unit></Measure><Measure><Name>Errors</Name><Type>sum</Type><Value>0</Value><Min></Min><Max></Max><StDev></StDev><Unit>[1]</Unit></Measure><Measure><Name>Connect Retries</Name><Type>sum</Type><Value>0</Value><Min></Min><Max></Max><StDev></StDev><Unit>[1]</Unit></Measure><Measure><Name>Transaction Response Time</Name><Type>avg</Type><Value>0.010866</Value><Min>0.010866</Min><Max>0.010866</Max><StDev>0.000000</StDev><Unit>[Seconds]</Unit></Measure><Measure><Name>Web Form Server Busy Time</Name><Type>avg</Type><Value>0.000381</Value><Min>0.000060</Min><Max>0.000942</Max><StDev>0.000398</StDev><Unit>[Seconds]</Unit></Measure><Measure><Name>Web Form Round Trip Time</Name><Type>avg</Type><Value>0.000391</Value><Min>0.000070</Min><Max>0.000942</Max><StDev>0.000392</StDev><Unit>[Seconds]</Unit></Measure></MeasureReport><ErrorReport/></SummaryReport>
