<?xml version='1.0' encoding='UTF-8'?>
<Project>
  <ProjectName>store</ProjectName>
  <ProjectDescription>Default Project</ProjectDescription>
  <Workflow>
    <TestType>0</TestType>
    <AdditionalInfo>https://mercystore-cert.mercy.net/</AdditionalInfo>
    <Status>2</Status>
    <IsSilkEssential>false</IsSilkEssential>
    <ModelScriptMethod>0</ModelScriptMethod>
    <ModelScriptDialog>0</ModelScriptDialog>
    <ApplicationProfile>Internet Explorer</ApplicationProfile>
    <EnableRecording>true</EnableRecording>
    <ScriptName>
      C:\Documents and Settings\test\My Documents\SilkPerformer 2011\Projects\store\store.bdf
    </ScriptName>
  </Workflow>
  <DebugRun>
    <RunDebugAnimated>true</RunDebugAnimated>
    <CitrixVisibleClient>true</CitrixVisibleClient>
    <CitrixStepByStep>false</CitrixStepByStep>
  </DebugRun>
  <SystemSettings>
    <Repository>
      <REP_ACTUAL>
        C:\Documents and Settings\test\My Documents\SilkPerformer 2011\Custom Data\
      </REP_ACTUAL>
    </Repository>
    <PluginList>
      <Plugin name="dynaTrace">
        <Enabled>false</Enabled>
      </Plugin>
      <Plugin name="dynaTrace">
        <Enabled>false</Enabled>
      </Plugin>
    </PluginList>
    <Agent>
      <MessageLimit>100</MessageLimit>
    </Agent>
    <Directories>
      <Projects>
        C:\Documents and Settings\test\My Documents\SilkPerformer 2011\Projects\
      </Projects>
      <CustomInclude>
        C:\Documents and Settings\test\My Documents\SilkPerformer 2011\Custom Data\
      </CustomInclude>
      <CustomData>
        C:\Documents and Settings\test\My Documents\SilkPerformer 2011\Custom Data\
      </CustomData>
    </Directories>
    <VirtualUser>
      <Timeout>30</Timeout>
      <AutomaticCalculation>1</AutomaticCalculation>
      <ContainerDensity>1</ContainerDensity>
      <LimitErrors>100</LimitErrors>
      <MessageSeverity>3</MessageSeverity>
      <NotifyAttributeChanged>0</NotifyAttributeChanged>
    </VirtualUser>
    <NetworkTimeout>
      <OptimizeFor>1</OptimizeFor>
      <LAN>
        <Connect>30</Connect>
        <DataPolling>10</DataPolling>
        <CommandShort>5</CommandShort>
        <CommandLong>30</CommandLong>
      </LAN>
      <WAN>
        <Connect>120</Connect>
        <DataPolling>10</DataPolling>
        <CommandShort>10</CommandShort>
        <CommandLong>60</CommandLong>
      </WAN>
      <Custom>
        <Connect>30</Connect>
        <DataPolling>10</DataPolling>
        <CommandShort>5</CommandShort>
        <CommandLong>30</CommandLong>
      </Custom>
    </NetworkTimeout>
    <Tsd>
      <AutomaticMerge>1</AutomaticMerge>
    </Tsd>
    <Controller>
      <GenerateVuOutputFile>0</GenerateVuOutputFile>
      <GenerateProjectSettingsFile>1</GenerateProjectSettingsFile>
    </Controller>
    <Java>
      <Version>0</Version>
      <Home></Home>
      <Classpath></Classpath>
      <UseSystemClasspath>0</UseSystemClasspath>
      <CommandlineOptions></CommandlineOptions>
      <DisableCompiler>0</DisableCompiler>
      <JvmDll></JvmDll>
      <EnableRemoteJavaSettings>0</EnableRemoteJavaSettings>
      <RemoteHome></RemoteHome>
      <RemoteClasspath></RemoteClasspath>
      <RemoteCommandlineOptions></RemoteCommandlineOptions>
    </Java>
    <InternationalOptions>
      <PrintCharForReplaceStd>+</PrintCharForReplaceStd>
    </InternationalOptions>
    <SCTM>
      <Host></Host>
      <Port>0</Port>
      <Username></Username>
      <Password></Password>
      <Secure>0</Secure>
    </SCTM>
    <SAPGUI>
      <LoginId>&lt;none&gt;</LoginId>
      <ASHost></ASHost>
      <RFCType></RFCType>
      <SystemNr></SystemNr>
      <Client>0</Client>
      <Language>EN</Language>
      <Username></Username>
      <Password></Password>
      <UseExtendedResults>0</UseExtendedResults>
      <eCattExtendedResults>
        C:\Documents and Settings\test\Local Settings\Application Data\Silk\SilkPerformer 2011\eCattExtendedResults\
      </eCattExtendedResults>
    </SAPGUI>
    <SCCI>
      <Enabled>0</Enabled>
      <Provider></Provider>
      <Username></Username>
      <CustomAuxProjPath></CustomAuxProjPath>
      <CustomIncludeSCCPath></CustomIncludeSCCPath>
      <CustomUserDataSCCPath></CustomUserDataSCCPath>
    </SCCI>
    <Compiler>
      <CompilerEventTimeout>0</CompilerEventTimeout>
    </Compiler>
    <Workspace>
      <ShowWelcomePageOnStartup>1</ShowWelcomePageOnStartup>
    </Workspace>
  </SystemSettings>
  <RecentResultsInfo>
    <ResultsDirectoryOfRecentTestRun></ResultsDirectoryOfRecentTestRun>
    <ResultsDirectoryOfRecentLoadTest></ResultsDirectoryOfRecentLoadTest>
    <RecentVuResultSubDir></RecentVuResultSubDir>
    <RecentVuAgent></RecentVuAgent>
    <RecentVuScript></RecentVuScript>
    <RecentVuUser></RecentVuUser>
  </RecentResultsInfo>
  <Results>
    <Options>
      <GenerateTimeSeriesData>false</GenerateTimeSeriesData>
      <WriteToRepository>false</WriteToRepository>
      <AutostartMonitoring>true</AutostartMonitoring>
      <UseCustomMonitoringTemplate>false</UseCustomMonitoringTemplate>
      <ComputePerformanceData>true</ComputePerformanceData>
      <GenerateBaselineReport>false</GenerateBaselineReport>
      <GenerateAgentDetailReport>true</GenerateAgentDetailReport>
      <TrueLogDefaultPerspective>1</TrueLogDefaultPerspective>
      <ComputeRealtimeMeasureData>0</ComputeRealtimeMeasureData>
    </Options>
  </Results>
  <Intervals>
    <TimeSeriesData>10</TimeSeriesData>
    <RealtimeData>5</RealtimeData>
  </Intervals>
  <ProjectFileVersion>1</ProjectFileVersion>
  <BuildNumber>4793</BuildNumber>
  <BuildInfo>4793</BuildInfo>
  <LoadtestDescription></LoadtestDescription>
  <ProjectVersion></ProjectVersion>
  <ProjectType>0</ProjectType>
  <ModelScriptCommandLineApp></ModelScriptCommandLineApp>
  <ModelScriptCommandLineParam></ModelScriptCommandLineParam>
  <EssentialInfo>
    <IsSilkEssentialTemplate>0</IsSilkEssentialTemplate>
  </EssentialInfo>
  <LOCKED>
    <LockedByHostName>clean</LockedByHostName>
    <LockedByUserName>test</LockedByUserName>
  </LOCKED>
  <OriginalFileNameTemp>
    C:\Documents and Settings\test\My Documents\SilkPerformer 2011\Projects\store\store.ltp
  </OriginalFileNameTemp>
  <ActualResultsDirectory>
    C:\Documents and Settings\test\My Documents\SilkPerformer 2011\Projects\store\RecentTryScriptTest\
  </ActualResultsDirectory>
  <CustomTemplateFile></CustomTemplateFile>
  <OverviewReportTemplateFile></OverviewReportTemplateFile>
  <License>
    <LicenseKey></LicenseKey>
  </License>
  <ProjectAttribute>
    <UpperboundGlobal>4.0</UpperboundGlobal>
    <LowerboundGlobal>3.0</LowerboundGlobal>
    <UpperThresGlobal>0.2</UpperThresGlobal>
    <LowerThresGlobal>0.1</LowerThresGlobal>
    <UpperSeverityGlobal>0</UpperSeverityGlobal>
    <LowerSeverityGlobal>0</LowerSeverityGlobal>
    <MeasuresGlobal>7</MeasuresGlobal>
  </ProjectAttribute>
  <Agent name="">
    <ParticularUserAccount>0</ParticularUserAccount>
    <ParticularUserName></ParticularUserName>
    <ParticularUserPassword></ParticularUserPassword>
  </Agent>
  <ProfileList>
    <Profile active="true" name="Profile1">
      <ErrorCodesOdbc>
        <Error strCode="00000">
          <Description>delete no rows found</Description>
          <Severity>0</Severity>
        </Error>
        <Error odbcClass="1" strCode="40001">
          <Description>Deadlock</Description>
          <Severity>0</Severity>
        </Error>
        <Error strCode="42000">
          <Description>Table does not exist</Description>
          <Severity>0</Severity>
        </Error>
        <Error strCode="S0001">
          <Severity>0</Severity>
        </Error>
        <Error strCode="S0002">
          <Severity>0</Severity>
        </Error>
        <Error strCode="S1010">
          <Severity>0</Severity>
        </Error>
      </ErrorCodesOdbc>
      <ErrorCodesDb>
        <Error odbcClass="1" strCode="-243">
          <Description>Informix Lock</Description>
          <Severity>0</Severity>
        </Error>
        <Error odbcClass="1" strCode="-244">
          <Description>Informix Lock</Description>
          <Severity>0</Severity>
        </Error>
        <Error odbcClass="1" strCode="-60">
          <Description>Oracle Deadlock</Description>
          <Severity>0</Severity>
        </Error>
        <Error odbcClass="1" strCode="60">
          <Description>Oracle Deadlock</Description>
          <Severity>0</Severity>
        </Error>
        <Error odbcClass="1" strCode="1205">
          <Description>SQLServer Deadlock</Description>
          <Severity>0</Severity>
        </Error>
        <Error odbcClass="1" strCode="1801">
          <Description>SQLBase Deadlock</Description>
          <Severity>0</Severity>
        </Error>
        <Error odbcClass="1" strCode="1805">
          <Description>SQLBase Timeout</Description>
          <Severity>0</Severity>
        </Error>
        <Error strCode="955">
          <Description>Oracle</Description>
          <Severity>0</Severity>
        </Error>
      </ErrorCodesDb>
      <Internet>
        <AdditionalHttpHeaders>
          <item>SOAPAction</item>
          <item>TCFSession</item>
        </AdditionalHttpHeaders>
        <Java>
          <JavaVersion>0</JavaVersion>
          <JavaHome>-</JavaHome>
          <JavaClasspath></JavaClasspath>
          <JavaCommandlineOptions></JavaCommandlineOptions>
          <JavaDll></JavaDll>
          <RemoteJavaHome></RemoteJavaHome>
          <RemoteJavaClasspath></RemoteJavaClasspath>
          <RemoteJavaCommandlineOptions></RemoteJavaCommandlineOptions>
          <RecordLoglevel>2</RecordLoglevel>
          <ReplayLoglevel>1</ReplayLoglevel>
          <LogFuncTiming>false</LogFuncTiming>
          <Correlation>
            <String>true</String>
            <byte>false</byte>
            <char>false</char>
            <double>false</double>
            <float>false</float>
            <int>false</int>
            <long>false</long>
            <short>false</short>
            <boolean>false</boolean>
            <Limits>
              <ObjectsPerContainer>200</ObjectsPerContainer>
              <ContainerDepth>4</ContainerDepth>
              <ObjectLimitPerFunc>1000</ObjectLimitPerFunc>
              <ObjectLimitTotal>100000</ObjectLimitTotal>
            </Limits>
          </Correlation>
        </Java>
        <Options>
          <JavaUseSystemClassPath>false</JavaUseSystemClassPath>
          <JavaDisableCompiler>false</JavaDisableCompiler>
          <EnableRemoteJavaSettings>false</EnableRemoteJavaSettings>
          <SimulateBehaviourForEachTransaction>true</SimulateBehaviourForEachTransaction>
          <DocumentCache>true</DocumentCache>
          <AcceptCookies>true</AcceptCookies>
          <AllowAutoRedirect>true</AllowAutoRedirect>
          <ClientIpAddress>false</ClientIpAddress>
          <FtpPassive>true</FtpPassive>
          <AutoLoadImages>true</AutoLoadImages>
          <ResponseTitleVerification>true</ResponseTitleVerification>
          <HtmlVerification>true</HtmlVerification>
          <XmlVerification>true</XmlVerification>
          <TableVerification>true</TableVerification>
          <LinkChecking>false</LinkChecking>
          <DigestVerification>true</DigestVerification>
          <DataVerification>true</DataVerification>
          <ResponseTextVerification>true</ResponseTextVerification>
          <ResponseAllCharacters>false</ResponseAllCharacters>
          <ResponsePrintableCharacters>true</ResponsePrintableCharacters>
          <ResponseAlphanumericCharacters>false</ResponseAlphanumericCharacters>
          <RecordTitleVerification>false</RecordTitleVerification>
          <RecordDigestVerification>false</RecordDigestVerification>
          <ConnectThroughProxy>false</ConnectThroughProxy>
          <ConnectWithPACFile>false</ConnectWithPACFile>
          <UseProxyAutoConfigCache>false</UseProxyAutoConfigCache>
          <ForceSecureConnection>false</ForceSecureConnection>
          <ForceGracefulShutdown>false</ForceGracefulShutdown>
          <EmulateDnsLookup>false</EmulateDnsLookup>
          <HostnameCache>true</HostnameCache>
          <FirstTimeUser>true</FirstTimeUser>
          <RevisitingUser>false</RevisitingUser>
          <UserTolerance>0</UserTolerance>
          <JavaScriptSimulation>true</JavaScriptSimulation>
          <ConvertUrlToForm>true</ConvertUrlToForm>
          <EnableSmtpData>false</EnableSmtpData>
          <UseCustomServerCertificate>false</UseCustomServerCertificate>
          <SendRootCa>false</SendRootCa>
          <JavaUseSystemSettings>true</JavaUseSystemSettings>
          <JavaVerbose>false</JavaVerbose>
          <EnablePersistenCookiesRecording>false</EnablePersistenCookiesRecording>
          <EncapsulateConcurrentPagesUsingTimers>false</EncapsulateConcurrentPagesUsingTimers>
        </Options>
        <Proxy>
          <HttpAddress></HttpAddress>
          <HttpPort>0</HttpPort>
          <HttpsAddress></HttpsAddress>
          <HttpsPort>0</HttpsPort>
          <FtpAddress></FtpAddress>
          <FtpPort>0</FtpPort>
          <SocksAddress></SocksAddress>
          <SocksPort>1080</SocksPort>
          <Exceptions></Exceptions>
          <PacFile></PacFile>
          <UseSame>false</UseSame>
        </Proxy>
        <RecordLevel_PageLevelAPI>true</RecordLevel_PageLevelAPI>
        <RecordLevel_BrowserLevelAPI>false</RecordLevel_BrowserLevelAPI>
        <RecordLevel_TcpipLevelAPI>false</RecordLevel_TcpipLevelAPI>
        <StandardHostAddress></StandardHostAddress>
        <StandardHostPort>0</StandardHostPort>
        <LoginName></LoginName>
        <LoginPassword></LoginPassword>
        <UserAuthenticationName></UserAuthenticationName>
        <UserAuthenticationPassword></UserAuthenticationPassword>
        <Bandwidth>High Speed (unlimited)</Bandwidth>
        <Browser>MS Internet Explorer 8.0</Browser>
        <CacheCheck>2</CacheCheck>
        <DownStream>0</DownStream>
        <UpStream>0</UpStream>
        <Duplex>false</Duplex>
        <OptimizeNetworkSettings>0</OptimizeNetworkSettings>
        <Certificate></Certificate>
        <SslVersion>Automatic</SslVersion>
        <EncryptionStrength>AUTOMATIC</EncryptionStrength>
        <LimitConnectAttempts>3</LimitConnectAttempts>
        <LimitCookies>20</LimitCookies>
        <LimitDocumentCache>5120</LimitDocumentCache>
        <LimitModemSimulationDelay>10</LimitModemSimulationDelay>
        <LimitRedirections>5</LimitRedirections>
        <LimitShowLinesReceived>500</LimitShowLinesReceived>
        <LimitShowLinesSent>500</LimitShowLinesSent>
        <LimitTolerance>100</LimitTolerance>
        <LimitDigestVerificationTolerance>20</LimitDigestVerificationTolerance>
        <DocumentHistorySize>5</DocumentHistorySize>
        <TimeoutConnect>0</TimeoutConnect>
        <TimeoutSend>300000</TimeoutSend>
        <TimeoutReceive>300000</TimeoutReceive>
        <TimeoutIdle>5000</TimeoutIdle>
        <SocksVersion>4</SocksVersion>
        <WinsockBufferSize>0</WinsockBufferSize>
        <WinsockNagle>0</WinsockNagle>
        <HttpTag_HeaderName></HttpTag_HeaderName>
        <HttpTag_FlagMask>0</HttpTag_FlagMask>
        <HttpTag_Percentage></HttpTag_Percentage>
        <AssumeClientSideScripting>true</AssumeClientSideScripting>
        <AdvancedContextManagement>2</AdvancedContextManagement>
        <FuzzyFormDetection>true</FuzzyFormDetection>
        <AllowModifiedActionUrls>true</AllowModifiedActionUrls>
        <DynamicActionUrlParsing>true</DynamicActionUrlParsing>
        <DynamicLinkParsing>true</DynamicLinkParsing>
        <DynamicUrlParsing>false</DynamicUrlParsing>
        <SslServerCertificate></SslServerCertificate>
        <PassPhrase></PassPhrase>
        <SslRecorderRootCa></SslRecorderRootCa>
        <ResponseVerificationList>text/html</ResponseVerificationList>
        <Telnet>
          <RecordingDetection>1</RecordingDetection>
          <CommandPrompt></CommandPrompt>
          <RenderDll></RenderDll>
          <ConfigString></ConfigString>
          <Rows>0</Rows>
          <Columns>0</Columns>
          <Colors>true</Colors>
          <HostCodePage>0</HostCodePage>
          <RecordBasicFunctions>false</RecordBasicFunctions>
        </Telnet>
        <Transformation>
          <Type></Type>
          <DLL></DLL>
          <BDH></BDH>
          <Alias></Alias>
          <Parameters></Parameters>
          <RequestsTransform>false</RequestsTransform>
          <RequestsLog>false</RequestsLog>
          <ResponsesTransform>false</ResponsesTransform>
          <ResponsesLog>false</ResponsesLog>
          <UseJavaVM>true</UseJavaVM>
        </Transformation>
        <Browsers>
          <MS_IE_6.0>
            <Name>MS Internet Explorer 6.0</Name>
            <SingleThreaded>false</SingleThreaded>
            <KeepAliveSemantics>false</KeepAliveSemantics>
            <ContentEncoding>true</ContentEncoding>
            <UserAgent>
              Mozilla/4.0 (compatible; MSIE 6.0; Windows NT 5.0)
            </UserAgent>
            <Accept>*/*</Accept>
            <AdditionalHttpHeaders></AdditionalHttpHeaders>
            <HttpVersion>11</HttpVersion>
            <LimitConcurrentConnects>4</LimitConcurrentConnects>
            <LimitConnectionsPerServer>true</LimitConnectionsPerServer>
            <LimitConnetionsPerUser>false</LimitConnetionsPerUser>
            <MaxConnectsPerHTTP10Server>4</MaxConnectsPerHTTP10Server>
            <MaxConnectsPerHTTP11Server>2</MaxConnectsPerHTTP11Server>
            <MaxTotalConnects>16</MaxTotalConnects>
          </MS_IE_6.0>
          <MS_IE_7.0>
            <Name>MS Internet Explorer 7.0</Name>
            <SingleThreaded>false</SingleThreaded>
            <KeepAliveSemantics>false</KeepAliveSemantics>
            <ContentEncoding>true</ContentEncoding>
            <UserAgent>
              Mozilla/4.0 (compatible; MSIE 7.0; Windows NT 5.0)
            </UserAgent>
            <Accept>*/*</Accept>
            <AdditionalHttpHeaders>UA-CPU: x86</AdditionalHttpHeaders>
            <HttpVersion>11</HttpVersion>
            <LimitConcurrentConnects>4</LimitConcurrentConnects>
            <LimitConnectionsPerServer>true</LimitConnectionsPerServer>
            <LimitConnetionsPerUser>false</LimitConnetionsPerUser>
            <MaxConnectsPerHTTP10Server>4</MaxConnectsPerHTTP10Server>
            <MaxConnectsPerHTTP11Server>2</MaxConnectsPerHTTP11Server>
            <MaxTotalConnects>16</MaxTotalConnects>
          </MS_IE_7.0>
          <MS_IE_8.0>
            <Name>MS Internet Explorer 8.0</Name>
            <SingleThreaded>false</SingleThreaded>
            <KeepAliveSemantics>false</KeepAliveSemantics>
            <ContentEncoding>true</ContentEncoding>
            <UserAgent>
              Mozilla/4.0 (compatible; MSIE 8.0; Windows NT 5.2; Trident/4.0; .NET CLR 1.1.4322; .NET CLR 2.0.50727)
            </UserAgent>
            <Accept>*/*</Accept>
            <AdditionalHttpHeaders>UA-CPU: x86</AdditionalHttpHeaders>
            <HttpVersion>11</HttpVersion>
            <LimitConcurrentConnects>4</LimitConcurrentConnects>
            <LimitConnectionsPerServer>true</LimitConnectionsPerServer>
            <LimitConnetionsPerUser>false</LimitConnetionsPerUser>
            <MaxConnectsPerHTTP10Server>6</MaxConnectsPerHTTP10Server>
            <MaxConnectsPerHTTP11Server>6</MaxConnectsPerHTTP11Server>
            <MaxTotalConnects>32</MaxTotalConnects>
          </MS_IE_8.0>
          <MS_IE_9.0>
            <Name>MS Internet Explorer 9.0</Name>
            <SingleThreaded>false</SingleThreaded>
            <KeepAliveSemantics>false</KeepAliveSemantics>
            <ContentEncoding>true</ContentEncoding>
            <UserAgent>
              Mozilla/5.0 (compatible; MSIE 9.0; Windows NT 6.1; WOW64; Trident/5.0)
            </UserAgent>
            <Accept>text/html, application/xhtml+xml, */*</Accept>
            <AdditionalHttpHeaders>UA-CPU: x86</AdditionalHttpHeaders>
            <HttpVersion>11</HttpVersion>
            <LimitConcurrentConnects>4</LimitConcurrentConnects>
            <LimitConnectionsPerServer>true</LimitConnectionsPerServer>
            <LimitConnetionsPerUser>false</LimitConnetionsPerUser>
            <MaxConnectsPerHTTP10Server>6</MaxConnectsPerHTTP10Server>
            <MaxConnectsPerHTTP11Server>6</MaxConnectsPerHTTP11Server>
            <MaxTotalConnects>35</MaxTotalConnects>
          </MS_IE_9.0>
          <MOZILLAFIREFOX_2.0>
            <Name>Mozilla Firefox 2.0</Name>
            <Options>
              <SingleThreaded>false</SingleThreaded>
              <KeepAliveSemantics>false</KeepAliveSemantics>
              <ContentEncoding>true</ContentEncoding>
            </Options>
            <UserAgent>
              Mozilla/5.0 (Windows; U; Windows NT 5.2; en-US; rv:1.8.1.4) Gecko/20070515 Firefox/2.0.0.4
            </UserAgent>
            <Accept>
              text/xml,application/xml,application/xhtml+xml,text/html;q=0.9,text/plain;q=0.8,image/png,*/*;q=0.5
            </Accept>
            <AdditionalHttpHeaders></AdditionalHttpHeaders>
            <HttpVersion>11</HttpVersion>
            <LimitConcurrentConnects>2</LimitConcurrentConnects>
            <LimitConnectionsPerServer>true</LimitConnectionsPerServer>
            <LimitConnetionsPerUser>false</LimitConnetionsPerUser>
            <MaxConnectsPerHTTP10Server>8</MaxConnectsPerHTTP10Server>
            <MaxConnectsPerHTTP11Server>2</MaxConnectsPerHTTP11Server>
            <MaxTotalConnects>24</MaxTotalConnects>
          </MOZILLAFIREFOX_2.0>
          <MOZILLAFIREFOX_3.0>
            <Name>Mozilla Firefox 3.0</Name>
            <Options>
              <SingleThreaded>false</SingleThreaded>
              <KeepAliveSemantics>false</KeepAliveSemantics>
              <ContentEncoding>true</ContentEncoding>
            </Options>
            <UserAgent>
              Mozilla/5.0 (Windows; U; Windows NT 5.2; en-US; rv:1.9.0.4) Gecko/2008102920 Firefox/3.0.4
            </UserAgent>
            <Accept>
              text/html,application/xhtml+xml,application/xml;q=0.9,*/*;q=0.8
            </Accept>
            <AdditionalHttpHeaders></AdditionalHttpHeaders>
            <HttpVersion>11</HttpVersion>
            <LimitConcurrentConnects>2</LimitConcurrentConnects>
            <LimitConnectionsPerServer>true</LimitConnectionsPerServer>
            <LimitConnetionsPerUser>false</LimitConnetionsPerUser>
            <MaxConnectsPerHTTP10Server>6</MaxConnectsPerHTTP10Server>
            <MaxConnectsPerHTTP11Server>6</MaxConnectsPerHTTP11Server>
            <MaxTotalConnects>30</MaxTotalConnects>
          </MOZILLAFIREFOX_3.0>
          <MOZILLAFIREFOX_4.0>
            <Name>Mozilla Firefox 4.0</Name>
            <Options>
              <SingleThreaded>false</SingleThreaded>
              <KeepAliveSemantics>false</KeepAliveSemantics>
              <ContentEncoding>true</ContentEncoding>
            </Options>
            <UserAgent>
              Mozilla/5.0 (Windows NT 6.1; WOW64; rv:2.0) Gecko/20100101 Firefox/4.0
            </UserAgent>
            <Accept>
              text/html,application/xhtml+xml,application/xml;q=0.9,*/*;q=0.8
            </Accept>
            <AdditionalHttpHeaders></AdditionalHttpHeaders>
            <HttpVersion>11</HttpVersion>
            <LimitConcurrentConnects>2</LimitConcurrentConnects>
            <LimitConnectionsPerServer>true</LimitConnectionsPerServer>
            <LimitConnetionsPerUser>false</LimitConnetionsPerUser>
            <MaxConnectsPerHTTP10Server>6</MaxConnectsPerHTTP10Server>
            <MaxConnectsPerHTTP11Server>6</MaxConnectsPerHTTP11Server>
            <MaxTotalConnects>30</MaxTotalConnects>
          </MOZILLAFIREFOX_4.0>
          <NETSCAPE_8.0.4>
            <Name>Netscape 8.0.4</Name>
            <Options>
              <KeepAliveSemantics>false</KeepAliveSemantics>
              <ContentEncoding>true</ContentEncoding>
            </Options>
            <UserAgent>
              Mozilla/5.0 (Windows; U; Windows NT 5.0; en-US; rv:1.7.5) Gecko/20051012 Netscape/8.0.4
            </UserAgent>
            <Accept>
              text/xml,application/xml,application/xhtml+xml,text/html;q=0.9,text/plain;q=0.8,image/png,*/*;q=0.5
            </Accept>
            <AdditionalHttpHeaders></AdditionalHttpHeaders>
            <HttpVersion>11</HttpVersion>
            <LimitConcurrentConnects>2</LimitConcurrentConnects>
            <LimitConnectionsPerServer>true</LimitConnectionsPerServer>
            <LimitConnetionsPerUser>false</LimitConnetionsPerUser>
            <MaxConnectsPerHTTP10Server>2</MaxConnectsPerHTTP10Server>
            <MaxConnectsPerHTTP11Server>2</MaxConnectsPerHTTP11Server>
            <MaxTotalConnects>24</MaxTotalConnects>
          </NETSCAPE_8.0.4>
          <NETSCAPE_8.04>
            <Options>
              <SingleThreaded>false</SingleThreaded>
            </Options>
          </NETSCAPE_8.04>
          <Opera_9.21>
            <Name>Opera 9.21</Name>
            <Options>
              <SingleThreaded>false</SingleThreaded>
              <KeepAliveSemantics>false</KeepAliveSemantics>
              <ContentEncoding>true</ContentEncoding>
            </Options>
            <UserAgent>Opera/9.21 (Windows NT 5.2; U; en)</UserAgent>
            <Accept>
              text/html, application/xml;q=0.9, application/xhtml+xml, image/png, image/jpeg, image/gif, image/x-xbitmap, */*;q=0.1
            </Accept>
            <AdditionalHttpHeaders></AdditionalHttpHeaders>
            <HttpVersion>11</HttpVersion>
            <LimitConcurrentConnects>8</LimitConcurrentConnects>
            <LimitConnectionsPerServer>true</LimitConnectionsPerServer>
            <LimitConnetionsPerUser>false</LimitConnetionsPerUser>
            <MaxConnectsPerHTTP10Server>8</MaxConnectsPerHTTP10Server>
            <MaxConnectsPerHTTP11Server>2</MaxConnectsPerHTTP11Server>
            <MaxTotalConnects>20</MaxTotalConnects>
          </Opera_9.21>
          <Chrome>
            <Name>Google Chrome</Name>
            <Options>
              <SingleThreaded>false</SingleThreaded>
              <KeepAliveSemantics>false</KeepAliveSemantics>
              <ContentEncoding>true</ContentEncoding>
            </Options>
            <UserAgent>
              Mozilla/5.0 (Windows; U; Windows NT 5.2; en-US) AppleWebKit/525.19 (KHTML, like Gecko) Chrome/0.3.154.9 Safari/525.19
            </UserAgent>
            <Accept>
              text/xml,application/xml,application/xhtml+xml,text/html;q=0.9,text/plain;q=0.8,image/png,*/*;q=0.5
            </Accept>
            <AdditionalHttpHeaders></AdditionalHttpHeaders>
            <HttpVersion>11</HttpVersion>
            <LimitConcurrentConnects>8</LimitConcurrentConnects>
            <LimitConnectionsPerServer>true</LimitConnectionsPerServer>
            <LimitConnetionsPerUser>false</LimitConnetionsPerUser>
            <MaxConnectsPerHTTP10Server>6</MaxConnectsPerHTTP10Server>
            <MaxConnectsPerHTTP11Server>6</MaxConnectsPerHTTP11Server>
            <MaxTotalConnects>32</MaxTotalConnects>
          </Chrome>
          <iPhone>
            <Name>iPhone</Name>
            <Options>
              <SingleThreaded>false</SingleThreaded>
              <KeepAliveSemantics>false</KeepAliveSemantics>
              <ContentEncoding>true</ContentEncoding>
            </Options>
            <UserAgent>
              Mozilla/5.0 (iPhone; U; CPU iPhone OS 4_3_1 like Mac OS X; en-us) AppleWebKit/533.17.9 (KHTML, like Gecko) Version/5.0.2 Mobile/8G4+Safari/6533.18.5
            </UserAgent>
            <Accept>
              application/xml,application/xhtml+xml,text/html;q=0.9,text/plain;q=0.8,image/png,*/*;q=0.5
            </Accept>
            <AdditionalHttpHeaders></AdditionalHttpHeaders>
            <HttpVersion>11</HttpVersion>
            <LimitConcurrentConnects>4</LimitConcurrentConnects>
            <LimitConnectionsPerServer>true</LimitConnectionsPerServer>
            <LimitConnetionsPerUser>false</LimitConnetionsPerUser>
            <MaxConnectsPerHTTP10Server>6</MaxConnectsPerHTTP10Server>
            <MaxConnectsPerHTTP11Server>6</MaxConnectsPerHTTP11Server>
            <MaxTotalConnects>35</MaxTotalConnects>
          </iPhone>
          <iPad>
            <Name>iPad</Name>
            <Options>
              <SingleThreaded>false</SingleThreaded>
              <KeepAliveSemantics>false</KeepAliveSemantics>
              <ContentEncoding>true</ContentEncoding>
            </Options>
            <UserAgent>
              Mozilla/5.0 (iPad; U; CPU OS 4_2_1 like Mac OS X; de-de) AppleWebKit/533.17.9 (KHTML, like Gecko) Version/5.0.2 Mobile/8C148 Safari/6533.18.5
            </UserAgent>
            <Accept>
              application/xml,application/xhtml+xml,text/html;q=0.9,text/plain;q=0.8,image/png,*/*;q=0.5
            </Accept>
            <AdditionalHttpHeaders></AdditionalHttpHeaders>
            <HttpVersion>11</HttpVersion>
            <LimitConcurrentConnects>4</LimitConcurrentConnects>
            <LimitConnectionsPerServer>true</LimitConnectionsPerServer>
            <LimitConnetionsPerUser>false</LimitConnetionsPerUser>
            <MaxConnectsPerHTTP10Server>4</MaxConnectsPerHTTP10Server>
            <MaxConnectsPerHTTP11Server>4</MaxConnectsPerHTTP11Server>
            <MaxTotalConnects>35</MaxTotalConnects>
          </iPad>
          <Android>
            <Name>Android</Name>
            <Options>
              <SingleThreaded>false</SingleThreaded>
              <KeepAliveSemantics>false</KeepAliveSemantics>
              <ContentEncoding>true</ContentEncoding>
            </Options>
            <UserAgent>
              Mozilla/5.0 (Linux; U; Android 2.2; en-us) AppleWebKit/533.1 (KHTML, like Gecko) Version/4.0 Mobile Safari/533.1
            </UserAgent>
            <Accept>
              text/xml,application/xml,application/xhtml+xml,text/html;q=0.9,text/plain;q=0.8,image/png,*/*;q=0.5
            </Accept>
            <AdditionalHttpHeaders></AdditionalHttpHeaders>
            <HttpVersion>11</HttpVersion>
            <LimitConcurrentConnects>4</LimitConcurrentConnects>
            <LimitConnectionsPerServer>true</LimitConnectionsPerServer>
            <LimitConnetionsPerUser>false</LimitConnetionsPerUser>
            <MaxConnectsPerHTTP10Server>6</MaxConnectsPerHTTP10Server>
            <MaxConnectsPerHTTP11Server>6</MaxConnectsPerHTTP11Server>
            <MaxTotalConnects>32</MaxTotalConnects>
          </Android>
          <Blackberry>
            <Name>Blackberry</Name>
            <Options>
              <SingleThreaded>false</SingleThreaded>
              <KeepAliveSemantics>false</KeepAliveSemantics>
              <ContentEncoding>true</ContentEncoding>
            </Options>
            <UserAgent>
              Mozilla/5.0 (BlackBerry; U; BlackBerry 9800; en-US) AppleWebKit/534.8 (KHTML, like Gecko) Version/6.0.0.448 Mobile Safari/534.8
            </UserAgent>
            <Accept>
              text/html,application/xhtml+xml,application/xml,application/x-javascript,*/*;q=0.5
            </Accept>
            <AdditionalHttpHeaders></AdditionalHttpHeaders>
            <HttpVersion>11</HttpVersion>
            <LimitConcurrentConnects>4</LimitConcurrentConnects>
            <LimitConnectionsPerServer>true</LimitConnectionsPerServer>
            <LimitConnetionsPerUser>false</LimitConnetionsPerUser>
            <MaxConnectsPerHTTP10Server>4</MaxConnectsPerHTTP10Server>
            <MaxConnectsPerHTTP11Server>4</MaxConnectsPerHTTP11Server>
            <MaxTotalConnects>16</MaxTotalConnects>
          </Blackberry>
          <Custom>
            <Name>Custom</Name>
            <Options>
              <SingleThreaded>false</SingleThreaded>
              <KeepAliveSemantics>true</KeepAliveSemantics>
              <ContentEncoding>false</ContentEncoding>
            </Options>
            <UserAgent>/1.0</UserAgent>
            <Accept>*/*</Accept>
            <AdditionalHttpHeaders></AdditionalHttpHeaders>
            <HttpVersion>10</HttpVersion>
            <LimitConcurrentConnects>4</LimitConcurrentConnects>
            <LimitConnectionsPerServer>true</LimitConnectionsPerServer>
            <LimitConnetionsPerUser>false</LimitConnetionsPerUser>
            <MaxConnectsPerHTTP10Server>4</MaxConnectsPerHTTP10Server>
            <MaxConnectsPerHTTP11Server>4</MaxConnectsPerHTTP11Server>
            <MaxTotalConnects>4</MaxTotalConnects>
          </Custom>
        </Browsers>
        <AdvancedUserToleranceNoUserSimNoDataArrives>
          <NoDataArrives>false</NoDataArrives>
          <After>1</After>
          <ReloadTimes>1</ReloadTimes>
          <AfterwardsContinue>true</AfterwardsContinue>
          <AfterwardsAbandon>false</AfterwardsAbandon>
          <AfterwardsWait>false</AfterwardsWait>
          <AfterwardsWaitValue>1</AfterwardsWaitValue>
        </AdvancedUserToleranceNoUserSimNoDataArrives>
        <AdvancedUserToleranceNoUserSimDocNotComplete>
          <DocumentNotComplete>false</DocumentNotComplete>
          <After>1</After>
          <ReloadTimes>1</ReloadTimes>
          <AfterwardsContinue>true</AfterwardsContinue>
          <AfterwardsAbandon>false</AfterwardsAbandon>
          <AfterwardsWait>false</AfterwardsWait>
          <AfterwardsWaitValue>1</AfterwardsWaitValue>
        </AdvancedUserToleranceNoUserSimDocNotComplete>
        <AdvancedUserToleranceNoUserSimPageNotComplete>
          <PageNotComplete>false</PageNotComplete>
          <After>1</After>
          <ReloadTimes>1</ReloadTimes>
          <AfterwardsContinue>true</AfterwardsContinue>
          <AfterwardsAbandon>false</AfterwardsAbandon>
          <AfterwardsWait>false</AfterwardsWait>
          <AfterwardsWaitValue>1</AfterwardsWaitValue>
        </AdvancedUserToleranceNoUserSimPageNotComplete>
        <AdvancedUserToleranceNoUserSimPureImageLoad>
          <PureImageLoad>false</PureImageLoad>
          <After>1</After>
          <ReloadTimes>1</ReloadTimes>
          <AfterwardsContinue>true</AfterwardsContinue>
          <AfterwardsAbandon>false</AfterwardsAbandon>
          <AfterwardsWait>false</AfterwardsWait>
          <AfterwardsWaitValue>1</AfterwardsWaitValue>
        </AdvancedUserToleranceNoUserSimPureImageLoad>
        <AdvancedUserToleranceNoUserSimTimesOnError>
          <TimesOnError>false</TimesOnError>
          <TimesOnErrorValue>1</TimesOnErrorValue>
          <Page>true</Page>
          <Documents>false</Documents>
        </AdvancedUserToleranceNoUserSimTimesOnError>
        <AdvancedUserTolerancePatientUserNoDataArrives>
          <NoDataArrives>false</NoDataArrives>
          <After>0</After>
          <ReloadTimes>0</ReloadTimes>
          <AfterwardsContinue>true</AfterwardsContinue>
          <AfterwardsAbandon>false</AfterwardsAbandon>
          <AfterwardsWait>false</AfterwardsWait>
          <AfterwardsWaitValue>0</AfterwardsWaitValue>
        </AdvancedUserTolerancePatientUserNoDataArrives>
        <AdvancedUserTolerancePatientUserDocNotComplete>
          <DocumentNotComplete>false</DocumentNotComplete>
          <After>0</After>
          <ReloadTimes>0</ReloadTimes>
          <AfterwardsContinue>true</AfterwardsContinue>
          <AfterwardsAbandon>false</AfterwardsAbandon>
          <AfterwardsWait>false</AfterwardsWait>
          <AfterwardsWaitValue>0</AfterwardsWaitValue>
        </AdvancedUserTolerancePatientUserDocNotComplete>
        <AdvancedUserTolerancePatientUserPageNotComplete>
          <PageNotComplete>false</PageNotComplete>
          <After>0</After>
          <ReloadTimes>0</ReloadTimes>
          <AfterwardsContinue>true</AfterwardsContinue>
          <AfterwardsAbandon>false</AfterwardsAbandon>
          <AfterwardsWait>false</AfterwardsWait>
          <AfterwardsWaitValue>0</AfterwardsWaitValue>
        </AdvancedUserTolerancePatientUserPageNotComplete>
        <AdvancedUserTolerancePatientUserPureImageLoad>
          <PureImageLoad>true</PureImageLoad>
          <After>30</After>
          <ReloadTimes>0</ReloadTimes>
          <AfterwardsContinue>false</AfterwardsContinue>
          <AfterwardsAbandon>true</AfterwardsAbandon>
          <AfterwardsWait>false</AfterwardsWait>
          <AfterwardsWaitValue>0</AfterwardsWaitValue>
        </AdvancedUserTolerancePatientUserPureImageLoad>
        <AdvancedUserTolerancePatientUserTimesOnError>
          <TimesOnError>false</TimesOnError>
          <TimesOnErrorValue>1</TimesOnErrorValue>
          <Page>true</Page>
          <Documents>false</Documents>
        </AdvancedUserTolerancePatientUserTimesOnError>
        <AdvancedUserToleranceAvaerageUserNoDataArrives>
          <NoDataArrives>true</NoDataArrives>
          <After>10</After>
          <ReloadTimes>1</ReloadTimes>
          <AfterwardsContinue>true</AfterwardsContinue>
          <AfterwardsAbandon>false</AfterwardsAbandon>
          <AfterwardsWait>false</AfterwardsWait>
          <AfterwardsWaitValue>0</AfterwardsWaitValue>
        </AdvancedUserToleranceAvaerageUserNoDataArrives>
        <AdvancedUserToleranceAvaerageUserDocNotComplete>
          <DocumentNotComplete>true</DocumentNotComplete>
          <After>30</After>
          <ReloadTimes>1</ReloadTimes>
          <AfterwardsContinue>true</AfterwardsContinue>
          <AfterwardsAbandon>false</AfterwardsAbandon>
          <AfterwardsWait>false</AfterwardsWait>
          <AfterwardsWaitValue>0</AfterwardsWaitValue>
        </AdvancedUserToleranceAvaerageUserDocNotComplete>
        <AdvancedUserToleranceAvaerageUserPageNotComplete>
          <PageNotComplete>true</PageNotComplete>
          <After>100</After>
          <ReloadTimes>0</ReloadTimes>
          <AfterwardsContinue>false</AfterwardsContinue>
          <AfterwardsAbandon>true</AfterwardsAbandon>
          <AfterwardsWait>false</AfterwardsWait>
          <AfterwardsWaitValue>0</AfterwardsWaitValue>
        </AdvancedUserToleranceAvaerageUserPageNotComplete>
        <AdvancedUserToleranceAvaerageUserPureImageLoad>
          <PureImageLoad>true</PureImageLoad>
          <After>20</After>
          <ReloadTimes>0</ReloadTimes>
          <AfterwardsContinue>false</AfterwardsContinue>
          <AfterwardsAbandon>true</AfterwardsAbandon>
          <AfterwardsWait>false</AfterwardsWait>
          <AfterwardsWaitValue>0</AfterwardsWaitValue>
        </AdvancedUserToleranceAvaerageUserPureImageLoad>
        <AdvancedUserToleranceAvaerageUserTimesOnError>
          <TimesOnError>true</TimesOnError>
          <TimesOnErrorValue>1</TimesOnErrorValue>
          <Page>false</Page>
          <Documents>true</Documents>
        </AdvancedUserToleranceAvaerageUserTimesOnError>
        <AdvancedUserToleranceNervousUserNoDataArrives>
          <NoDataArrives>true</NoDataArrives>
          <After>5</After>
          <ReloadTimes>1</ReloadTimes>
          <AfterwardsContinue>false</AfterwardsContinue>
          <AfterwardsAbandon>false</AfterwardsAbandon>
          <AfterwardsWait>true</AfterwardsWait>
          <AfterwardsWaitValue>10</AfterwardsWaitValue>
        </AdvancedUserToleranceNervousUserNoDataArrives>
        <AdvancedUserToleranceNervousUserDocNotComplete>
          <DocumentNotComplete>true</DocumentNotComplete>
          <After>25</After>
          <ReloadTimes>1</ReloadTimes>
          <AfterwardsContinue>false</AfterwardsContinue>
          <AfterwardsAbandon>false</AfterwardsAbandon>
          <AfterwardsWait>true</AfterwardsWait>
          <AfterwardsWaitValue>10</AfterwardsWaitValue>
        </AdvancedUserToleranceNervousUserDocNotComplete>
        <AdvancedUserToleranceNervousUserPageNotComplete>
          <PageNotComplete>true</PageNotComplete>
          <After>60</After>
          <ReloadTimes>0</ReloadTimes>
          <AfterwardsContinue>falsee</AfterwardsContinue>
          <AfterwardsAbandon>true</AfterwardsAbandon>
          <AfterwardsWait>false</AfterwardsWait>
          <AfterwardsWaitValue>20</AfterwardsWaitValue>
        </AdvancedUserToleranceNervousUserPageNotComplete>
        <AdvancedUserToleranceNervousUserPureImageLoad>
          <PureImageLoad>true</PureImageLoad>
          <After>20</After>
          <ReloadTimes>0</ReloadTimes>
          <AfterwardsContinue>false</AfterwardsContinue>
          <AfterwardsAbandon>true</AfterwardsAbandon>
          <AfterwardsWait>false</AfterwardsWait>
          <AfterwardsWaitValue>0</AfterwardsWaitValue>
        </AdvancedUserToleranceNervousUserPureImageLoad>
        <AdvancedUserToleranceNervousUserTimesOnError>
          <TimesOnError>true</TimesOnError>
          <TimesOnErrorValue>1</TimesOnErrorValue>
          <Page>false</Page>
          <Documents>true</Documents>
        </AdvancedUserToleranceNervousUserTimesOnError>
        <AdvancedUserToleranceInsaneUserNoDataArrives>
          <NoDataArrives>true</NoDataArrives>
          <After>5</After>
          <ReloadTimes>2</ReloadTimes>
          <AfterwardsContinue>false</AfterwardsContinue>
          <AfterwardsAbandon>true</AfterwardsAbandon>
          <AfterwardsWait>false</AfterwardsWait>
          <AfterwardsWaitValue>5</AfterwardsWaitValue>
        </AdvancedUserToleranceInsaneUserNoDataArrives>
        <AdvancedUserToleranceInsaneUserDocNotComplete>
          <DocumentNotComplete>true</DocumentNotComplete>
          <After>15</After>
          <ReloadTimes>1</ReloadTimes>
          <AfterwardsContinue>false</AfterwardsContinue>
          <AfterwardsAbandon>true</AfterwardsAbandon>
          <AfterwardsWait>false</AfterwardsWait>
          <AfterwardsWaitValue>10</AfterwardsWaitValue>
        </AdvancedUserToleranceInsaneUserDocNotComplete>
        <AdvancedUserToleranceInsaneUserPageNotComplete>
          <PageNotComplete>true</PageNotComplete>
          <After>30</After>
          <ReloadTimes>1</ReloadTimes>
          <AfterwardsContinue>false</AfterwardsContinue>
          <AfterwardsAbandon>true</AfterwardsAbandon>
          <AfterwardsWait>false</AfterwardsWait>
          <AfterwardsWaitValue>20</AfterwardsWaitValue>
        </AdvancedUserToleranceInsaneUserPageNotComplete>
        <AdvancedUserToleranceInsaneUserPureImageLoad>
          <PureImageLoad>true</PureImageLoad>
          <After>10</After>
          <ReloadTimes>1</ReloadTimes>
          <AfterwardsContinue>false</AfterwardsContinue>
          <AfterwardsAbandon>true</AfterwardsAbandon>
          <AfterwardsWait>false</AfterwardsWait>
          <AfterwardsWaitValue>0</AfterwardsWaitValue>
        </AdvancedUserToleranceInsaneUserPureImageLoad>
        <AdvancedUserToleranceInsaneUserTimesOnError>
          <TimesOnError>true</TimesOnError>
          <TimesOnErrorValue>1</TimesOnErrorValue>
          <Page>true</Page>
          <Documents>false</Documents>
        </AdvancedUserToleranceInsaneUserTimesOnError>
      </Internet>
      <Intervals>
        <TimeSeriesData>10</TimeSeriesData>
        <RealtimeMeasureData>5</RealtimeMeasureData>
      </Intervals>
      <Measurement>
        <All>false</All>
        <Iiop>false</Iiop>
        <CustomTimers>false</CustomTimers>
        <CustomCounters>false</CustomCounters>
        <PageTimer>false</PageTimer>
        <Sql>false</Sql>
        <Transactions>false</Transactions>
        <WebForms>false</WebForms>
        <Tuxedo>false</Tuxedo>
        <Citrix>false</Citrix>
        <SAPGUI>false</SAPGUI>
        <DetailedPageTimers>0</DetailedPageTimers>
      </Measurement>
      <RealtimeMeasurement>
        <All>true</All>
        <Iiop>false</Iiop>
        <CustomTimers>false</CustomTimers>
        <CustomCounters>false</CustomCounters>
        <PageTimer>false</PageTimer>
        <Sql>false</Sql>
        <Transactions>false</Transactions>
        <WebForms>false</WebForms>
        <Tuxedo>false</Tuxedo>
        <Citrix>false</Citrix>
        <SAPGUI>false</SAPGUI>
      </RealtimeMeasurement>
      <Logging>
        <All>true</All>
        <Transactions>true</Transactions>
        <Timers>true</Timers>
        <ApiCalls>true</ApiCalls>
        <Data>true</Data>
        <Info>true</Info>
        <Warnings>true</Warnings>
        <Errors>true</Errors>
        <NonprintingCharacters>true</NonprintingCharacters>
        <HeaderReceived>true</HeaderReceived>
        <ResponseHeaderToClient>true</ResponseHeaderToClient>
        <PrintableDataReceived>true</PrintableDataReceived>
        <BinaryDataReceived>true</BinaryDataReceived>
        <HeaderSend>true</HeaderSend>
        <PrintableDataSent>true</PrintableDataSent>
        <BinaryDataSent>true</BinaryDataSent>
        <ImagesAndApplets>true</ImagesAndApplets>
        <TcpIpcConnectionInfo>true</TcpIpcConnectionInfo>
        <StoreHtmlDocuments>true</StoreHtmlDocuments>
        <HttpClientRequestHeader>true</HttpClientRequestHeader>
        <FunctionCalls>false</FunctionCalls>
        <FunctionParameters>false</FunctionParameters>
        <MaxRequestLines>1000</MaxRequestLines>
        <MaxResponseLines>1000</MaxResponseLines>
        <Telnet>2</Telnet>
      </Logging>
      <Results>
        <Options>
          <All>false</All>
          <LogFiles>true</LogFiles>
          <ErrorFiles>true</ErrorFiles>
          <ReportFiles>true</ReportFiles>
          <OutputFiles>true</OutputFiles>
          <XmlLogFiles>true</XmlLogFiles>
          <XmlLogFilesRecord>true</XmlLogFilesRecord>
          <GenerateTimeSeriesData>false</GenerateTimeSeriesData>
          <GenerateRealtimeMeasureData>false</GenerateRealtimeMeasureData>
          <WriteToRepository>false</WriteToRepository>
          <GenerateTrueLogOnError>false</GenerateTrueLogOnError>
          <HighResolutionTimers>true</HighResolutionTimers>
          <StoreTrueLogMethod>1</StoreTrueLogMethod>
          <GenerateTrueLogOnErrorLevel>3</GenerateTrueLogOnErrorLevel>
          <ExcludeEmbeddedObjects>false</ExcludeEmbeddedObjects>
          <LogLevelEmbeddedObjects>2</LogLevelEmbeddedObjects>
          <EnableUniqueMeasureNames>false</EnableUniqueMeasureNames>
        </Options>
      </Results>
      <VirtualUser>
        <Options>
          <StressTest>true</StressTest>
          <CancelAfterSimulationTime>false</CancelAfterSimulationTime>
          <RandomWait>true</RandomWait>
          <ExponentialDistribution>true</ExponentialDistribution>
          <UniformDistribution>false</UniformDistribution>
          <UniformDistributionDeviation>20</UniformDistributionDeviation>
          <ThinkTimeLimited>false</ThinkTimeLimited>
          <ThinkTimeLimitValue>2000</ThinkTimeLimitValue>
          <RandomTransactions>false</RandomTransactions>
          <SmoothArrival>true</SmoothArrival>
          <UsePriorityBoostProcess>false</UsePriorityBoostProcess>
          <UsePriorityBoostThread>false</UsePriorityBoostThread>
          <TreatTuxedoViewsAsBinaries>false</TreatTuxedoViewsAsBinaries>
          <CompleteTransaction>false</CompleteTransaction>
          <CallEndTransation>false</CallEndTransation>
          <CancelAfterErrorInBeginTrans>false</CancelAfterErrorInBeginTrans>
        </Options>
        <Timebound1>100</Timebound1>
        <Timebound2>200</Timebound2>
        <PriorityProcess>0</PriorityProcess>
        <PriorityThreadMeasure>0</PriorityThreadMeasure>
        <PriorityThreadWinsock>0</PriorityThreadWinsock>
      </VirtualUser>
      <VirtualMachine>
        <UseShmForCodeData>true</UseShmForCodeData>
        <UseShmForConstData>true</UseShmForConstData>
        <UseShmForSqlData>false</UseShmForSqlData>
        <LimitStackSize>16384</LimitStackSize>
        <LimitSqlLen>4000</LimitSqlLen>
      </VirtualMachine>
      <Corba>
        <Orbix>true</Orbix>
        <OrbixWeb>true</OrbixWeb>
        <VisiBrokerCpp>true</VisiBrokerCpp>
        <VisiBrokerJava>true</VisiBrokerJava>
        <M3Cpp>true</M3Cpp>
        <M3Java>true</M3Java>
        <Unicode>true</Unicode>
        <ByteOriented>false</ByteOriented>
        <CorbaCompliant>false</CorbaCompliant>
        <NoLengthEncoding>true</NoLengthEncoding>
        <NullTerminated>true</NullTerminated>
        <UseFragmentation>false</UseFragmentation>
        <IdlFileCorbaVersion>3.0</IdlFileCorbaVersion>
        <IiopPreprocessor>idlcpp.exe</IiopPreprocessor>
        <PreProcessorArgs>-I.</PreProcessorArgs>
        <WCharSize>2</WCharSize>
        <ScriptByteOrderBigEndian>false</ScriptByteOrderBigEndian>
        <LengthIndicationWChar>true</LengthIndicationWChar>
        <LimitChunkSize>2048</LimitChunkSize>
        <FragmentationSize>4096</FragmentationSize>
      </Corba>
      <OracleForms>
        <EnableHeartbeat>true</EnableHeartbeat>
        <MeasureAll>true</MeasureAll>
        <HeartbeatFrequency>120000</HeartbeatFrequency>
        <Version>90290</Version>
        <ConnectMode>2</ConnectMode>
        <SoTimeout>300000</SoTimeout>
        <Keystore></Keystore>
        <ConnectThroughProxy>false</ConnectThroughProxy>
        <ProxyAddressHttp></ProxyAddressHttp>
        <ProxyAddressHttps></ProxyAddressHttps>
        <ProxyPortHttp>8080</ProxyPortHttp>
        <ProxyPortHttps>8080</ProxyPortHttps>
        <Loglevel>1</Loglevel>
        <AdditionalProperties></AdditionalProperties>
        <WaitForAppTimers>true</WaitForAppTimers>
        <MaxWaitTime>200000</MaxWaitTime>
        <MeasureConnectLogon>15</MeasureConnectLogon>
        <MeasureMessageBlocks>15</MeasureMessageBlocks>
        <MeasureEditControls>15</MeasureEditControls>
        <MeasureMouse>15</MeasureMouse>
        <MeasureWindow>15</MeasureWindow>
        <MeasureMenu>15</MeasureMenu>
        <MeasureDialog>15</MeasureDialog>
        <MeasureButton>15</MeasureButton>
        <MeasaureAlert>15</MeasaureAlert>
        <MeasureCheckRadio>15</MeasureCheckRadio>
        <MeasureList>15</MeasureList>
        <MeasureScroller>15</MeasureScroller>
        <MeasureTab>15</MeasureTab>
        <MeasureTree>15</MeasureTree>
        <MeasureKey>15</MeasureKey>
        <MeasureJavaContainer>15</MeasureJavaContainer>
        <MeasureLov>15</MeasureLov>
        <MeasureFlex>15</MeasureFlex>
      </OracleForms>
      <ScriptGeneration>
        <Comments>true</Comments>
        <CommentedFunctions>true</CommentedFunctions>
        <GenerateIiopFunctions>false</GenerateIiopFunctions>
        <IncludeThinkTime>true</IncludeThinkTime>
        <SqlComment>true</SqlComment>
        <TrimSql>true</TrimSql>
        <FetchedData>true</FetchedData>
        <MinThinkTime>2000</MinThinkTime>
        <MaxScriptLineLength>128</MaxScriptLineLength>
        <MaxFetchRowsCount>10</MaxFetchRowsCount>
        <MaxFetchColWidth>15</MaxFetchColWidth>
        <ScriptNamespace></ScriptNamespace>
        <RedirectionAuthentication>true</RedirectionAuthentication>
        <HttpErrors>true</HttpErrors>
        <DetailedInfoForForms>true</DetailedInfoForForms>
        <CustomSearchDetails>false</CustomSearchDetails>
        <CustomUrlParsingDetails>false</CustomUrlParsingDetails>
        <MinimizeFormsDisabled>true</MinimizeFormsDisabled>
        <MinimizeFormsExactMatch>false</MinimizeFormsExactMatch>
        <MinimizeFormsFieldMatch>false</MinimizeFormsFieldMatch>
        <EncodePasswords>true</EncodePasswords>
        <CommentRetValueLevel>1</CommentRetValueLevel>
        <RecMeasureFunctions>true</RecMeasureFunctions>
        <JUnitScript>false</JUnitScript>
        <MethAndSigAsComment>true</MethAndSigAsComment>
        <CommentMaxCallStackDepth>10</CommentMaxCallStackDepth>
        <CommentInParamsLevel>1</CommentInParamsLevel>
      </ScriptGeneration>
      <ODBC>
        <Autocommit>false</Autocommit>
        <Reprepare>false</Reprepare>
        <PiecewiseInputRandom>false</PiecewiseInputRandom>
        <BindWithActualStrLen>true</BindWithActualStrLen>
        <DSN></DSN>
        <UserID></UserID>
        <Password></Password>
        <Isolation>0</Isolation>
        <SQLConcurrency>1</SQLConcurrency>
        <SQLCursorType>0</SQLCursorType>
      </ODBC>
      <COM>
        <GenerateWarnings>true</GenerateWarnings>
        <MaxNumElems>3</MaxNumElems>
        <GenerateDetails>false</GenerateDetails>
        <EnhancedProperty>true</EnhancedProperty>
        <EnhancedFunction>true</EnhancedFunction>
        <LogTypeInfo>false</LogTypeInfo>
        <LogTypeMismatch>false</LogTypeMismatch>
        <OutprocRemote>true</OutprocRemote>
        <OutprocLoacal>true</OutprocLoacal>
        <Inproc>true</Inproc>
        <CallLevelsToLog>1</CallLevelsToLog>
        <ExtractSQL>true</ExtractSQL>
        <GenerateADOFetch>true</GenerateADOFetch>
        <GenerateADOParam>true</GenerateADOParam>
        <MeasureCOMCall>false</MeasureCOMCall>
      </COM>
      <DotNET>
        <RedirectDotNET>true</RedirectDotNET>
        <EachVirtualUserContainer>false</EachVirtualUserContainer>
        <EachVirtualUser>true</EachVirtualUser>
      </DotNET>
      <Citrix>
        <TimeMouseButton>200</TimeMouseButton>
        <TimeDoubleClick>100</TimeDoubleClick>
        <MouseSpeed>1000</MouseSpeed>
        <TimeButtonPressed>50</TimeButtonPressed>
        <TimeBetween>100</TimeBetween>
        <TimeKeyRepeat>50</TimeKeyRepeat>
        <DelaySync>1000</DelaySync>
        <DelayUserAction>100</DelayUserAction>
        <SyncTimeout>60000</SyncTimeout>
        <ForceWindowPosition>true</ForceWindowPosition>
        <DisconnectOnTransactionEnd>false</DisconnectOnTransactionEnd>
        <GracefullyDisconnectSession>true</GracefullyDisconnectSession>
        <LogScreen>true</LogScreen>
        <DumpWindow>true</DumpWindow>
        <UseRAMDisk></UseRAMDisk>
        <NetworkProtocol>1</NetworkProtocol>
        <UseDataCompression>true</UseDataCompression>
        <UseDiskCache>false</UseDiskCache>
        <QueueMouseAndKeyStrokes>false</QueueMouseAndKeyStrokes>
        <SpeedScreen>0</SpeedScreen>
        <EncryptionLevel>0</EncryptionLevel>
      </Citrix>
      <SAP>
        <ScriptLowLevelFunctions>false</ScriptLowLevelFunctions>
        <ScriptLogonMethod>true</ScriptLogonMethod>
        <AttachToRuningSAP>false</AttachToRuningSAP>
        <RecordWindowTitleVerification>true</RecordWindowTitleVerification>
        <ShowSapGui>true</ShowSapGui>
        <ReplayTimeout>300000</ReplayTimeout>
        <LogScreenshots>true</LogScreenshots>
        <LogScreenshotForEveryAction>true</LogScreenshotForEveryAction>
        <LogControlInformation>false</LogControlInformation>
        <LogControlInformationForSingleRun>true</LogControlInformationForSingleRun>
        <ScriptTimers>true</ScriptTimers>
        <ScreenShotDirectory>C:\temp\</ScreenShotDirectory>
        <LogLevel>1</LogLevel>
        <MeasureAll>true</MeasureAll>
        <MeasureConnectFunctions>15</MeasureConnectFunctions>
        <MeasureWindowControls>15</MeasureWindowControls>
        <MeasureButtonRadioCheckbox>15</MeasureButtonRadioCheckbox>
        <MeasureSapMenu>15</MeasureSapMenu>
        <MeasureComboTabOkBox>15</MeasureComboTabOkBox>
        <MeasureEditControl>15</MeasureEditControl>
        <MeasureGridViewControl>15</MeasureGridViewControl>
        <MeasureTableControl>15</MeasureTableControl>
        <MeasureTreeControl>15</MeasureTreeControl>
        <MeasureCalendarControl>15</MeasureCalendarControl>
        <MeasureLowLevel>15</MeasureLowLevel>
        <EnableScripting>true</EnableScripting>
        <NewVisualStyle>true</NewVisualStyle>
        <LogControlsOnError>true</LogControlsOnError>
      </SAP>
      <GuiLevelTesting>
        <ConnectionTimeOut>50000</ConnectionTimeOut>
        <ExecutionTimeOut>300000</ExecutionTimeOut>
        <OptionFile></OptionFile>
        <LocalTryScript>true</LocalTryScript>
        <PrintSilkTestErrors>true</PrintSilkTestErrors>
        <User></User>
        <Password></Password>
        <ResultsHistorySize>9</ResultsHistorySize>
        <TruelogOptions>0</TruelogOptions>
        <RunAgentOnConsole>true</RunAgentOnConsole>
        <ConnectionRetryCount>3</ConnectionRetryCount>
        <ConnectionRetryTimeout>500</ConnectionRetryTimeout>
        <ColorDepth>16</ColorDepth>
      </GuiLevelTesting>
      <BrowserBased>
        <OPT_XBROWSER_LOCATOR_ATTRIBUTE_NAME_BLACKLIST>
          CHECKED, DISABLED, style, width, height, size, __*, class
        </OPT_XBROWSER_LOCATOR_ATTRIBUTE_NAME_BLACKLIST>
        <OPT_XBROWSER_LOCATOR_ATTRIBUTE_VALUE_BLACKLIST>*ext-gen*, *x-auto*, :*</OPT_XBROWSER_LOCATOR_ATTRIBUTE_VALUE_BLACKLIST>
        <OPT_CUSTOM_ATTRIBUTES></OPT_CUSTOM_ATTRIBUTES>
        <OPT_XBROWSER_SYNC_MODE>AJAX</OPT_XBROWSER_SYNC_MODE>
        <OPT_XBROWSER_SYNC_TIMEOUT>300000</OPT_XBROWSER_SYNC_TIMEOUT>
        <OPT_WAIT_RESOLVE_OBJDEF>5000</OPT_WAIT_RESOLVE_OBJDEF>
        <OPT_WAIT_RESOLVE_OBJDEF_RETRY>500</OPT_WAIT_RESOLVE_OBJDEF_RETRY>
        <SimulateBehaviourForEachTransaction>true</SimulateBehaviourForEachTransaction>
        <FirstTimeUser>true</FirstTimeUser>
        <RevisitingUser>false</RevisitingUser>
        <OPT_XBROWSER_SYNC_EXCLUDE_URLS></OPT_XBROWSER_SYNC_EXCLUDE_URLS>
        <IECompatibilityMode>0</IECompatibilityMode>
      </BrowserBased>
    </Profile>
  </ProfileList>
  <ApplProfileList></ApplProfileList>
  <Agentlist>
    <Agent name="localhost">
      <ProcessorSpeed>2579 MHz</ProcessorSpeed>
      <ProcessorCount>1</ProcessorCount>
      <ProcessorType>advanced Intel</ProcessorType>
      <Memory>1728 MB</Memory>
      <MaxVirtualUsers>3300</MaxVirtualUsers>
      <System>WinNT</System>
      <SysVersion>5.1</SysVersion>
      <AgentVersion>8.3.0.4793</AgentVersion>
      <AgentEnabled>true</AgentEnabled>
      <UseSSLEncryption>false</UseSSLEncryption>
      <UseAuthentication>false</UseAuthentication>
      <Password></Password>
      <ConnectPortUnsecure>19200</ConnectPortUnsecure>
      <ConnectPortSecure>19201</ConnectPortSecure>
      <UseHttpTunneling>false</UseHttpTunneling>
      <HttpTunnelingAddress></HttpTunnelingAddress>
      <HttpTunnelingPort>8080</HttpTunnelingPort>
      <UseSocksTunneling>false</UseSocksTunneling>
      <SocksTunnelingAddress></SocksTunnelingAddress>
      <SocksTunnelingPort>1080</SocksTunnelingPort>
    </Agent>
  </Agentlist>
  <ScriptList>
    <Script name="C:\Documents and Settings\test\My Documents\SilkPerformer 2011\Projects\store\store.bdf">
      <Usergroup name="VUser">
        <Users>0</Users>
      </Usergroup>
    </Script>
  </ScriptList>
  <WorkloadList>
    <Workload name="*ORIGINAL_0_*" workloadType="Increasing">
      <WLUsergroup name="VUser"
                   script="C:\Documents and Settings\test\My Documents\SilkPerformer 2011\Projects\store\store.bdf"
                   useProfile="Profile1"></WLUsergroup>
    </Workload>
    <Workload active="true" name="Workload1" workloadType="Queuing">
      <WorkloadTestTypeName>Try Script Test</WorkloadTestTypeName>
      <WLUsergroup name="VUser"
                   script="C:\Documents and Settings\test\My Documents\SilkPerformer 2011\Projects\store\store.bdf"
                   useProfile="Profile1">
        <AssociatedAgent name="localhost">
          <Users>1</Users>
        </AssociatedAgent>
      </WLUsergroup>
    </Workload>
  </WorkloadList>
</Project>